{"cameraMode":{"drawMode":0,"name":"Shaded","section":"Shading Mode"},"sceneLighting":true,"audioPlay":false,"sceneViewState":{"showFog":true,"showMaterialUpdate":false,"showSkybox":true,"showFlares":true,"showImageEffects":true,"showParticleSystems":true},"in2DMode":false,"pivot":{"x":342.83453369140627,"y":288.8493957519531,"z":-344.155517578125},"rotation":{"x":-0.15267112851142884,"y":-0.6864755153656006,"z":0.15085148811340333,"w":-0.6947566270828247},"size":104.28218841552735,"orthographic":false}